flat_status,num_of_rooms,total_area_m2,living_area_m2,kitchen_area_m2,floor,price,metro_station,minutes_to_metro,transfer_type,house_age,is_future_building
1,4-комнатная,125.5,75.8,22.9,4,24500000,Балтийская,5,на машине,149,0
1,2-комнатная,41.5,26.4,6.0,3,6300000,Московская,6,на машине,61,0
0,3-комнатная,80.39,44.9,10.2,3,30061520,Василеостровская,11,пешком,0,0
1,2-комнатная,65.1,27.0,19.0,4,11500000,Улица Дыбенко,7,на машине,42,0
1,1-комнатная,38.5,16.6,10.5,10,5599000,Девяткино,6,на машине,10,0
1,2-комнатная,44.0,31.2,5.4,5,4800000,Шушары,18,на машине,57,0
0,1-комнатная,32.62,15.1,10.7,3,6650043,Купчино,20,на машине,0,0
1,2-комнатная,62.8,30.9,10.5,12,18526000,Приморская,16,пешком,11,0
1,3-комнатная,98.2,55.6,17.6,2,27800000,Площадь Ленина,6,на машине,1,0
0,2-комнатная,59.48,28.8,17.7,1,12000446,Купчино,22,на машине,0,0
1,1-комнатная,33.0,14.2,8.4,4,6750000,Комендантский проспект,7,на машине,8,0
1,Студия,21.2,14.2,2.0,15,3890000,Девяткино,11,на машине,4,0
1,1-комнатная,35.7,14.5,9.0,5,5750000,Проспект Просвещения,10,на машине,2,0
1,Студия,33.2,20.5,5.0,2,7870875,Кировский завод,20,на машине,3,0
1,3-комнатная,82.1,50.5,14.9,4,19000000,Чернышевская,7,пешком,127,0
0,3-комнатная,94.95,48.8,14.9,2,38929500,Ладожская,7,на машине,0,0
1,3-комнатная,94.4,50.4,20.2,2,34456000,Крестовский остров,16,пешком,2,0
0,2-комнатная,59.92,28.0,18.0,9,18250463,Московская,27,пешком,0,0
0,2-комнатная,55.1,23.2,17.6,4,13800401,Проспект Просвещения,13,на машине,0,1
1,3-комнатная,64.0,28.8,22.3,3,20288000,Удельная,9,пешком,13,0
1,Студия,23.4,14.4,4.0,7,6800000,Электросила,11,пешком,19,0
0,2-комнатная,76.47,37.8,20.1,10,18350008,Комендантский проспект,11,на машине,0,0
1,3-комнатная,81.4,45.0,10.0,8,13600000,Ленинский проспект,16,на машине,13,0
0,Студия,19.73,12.0,4.0,3,4968000,Звездная,5,на машине,1,0
0,1-комнатная,39.8,17.0,12.2,11,11800242,Московская,27,пешком,0,0
0,3-комнатная,85.89,35.1,22.3,5,30735737,Черная речка,9,пешком,0,0
0,2-комнатная,44.0,22.6,8.8,25,10389465,Парнас,7,на машине,1,0
1,2-комнатная,91.0,42.0,20.0,5,28200000,Василеостровская,8,пешком,1,0
1,1-комнатная,35.0,15.0,9.7,11,7777000,Парнас,7,пешком,10,0
1,3-комнатная,208.0,83.4,53.8,4,37900000,Площадь Восстания,12,пешком,73,0
1,2-комнатная,54.75,30.0,7.7,3,7700000,Ленинский проспект,8,на машине,39,0
1,3-комнатная,81.5,51.7,14.5,14,11600000,Ленинский проспект,10,на машине,15,0
0,2-комнатная,50.82,22.3,17.4,1,10150431,Московская,21,на машине,0,1
1,3-комнатная,106.3,47.7,29.6,1,38268000,Крестовский остров,21,пешком,3,0
1,4-комнатная,113.7,70.4,15.0,5,22700000,Улица Дыбенко,18,пешком,21,0
1,1-комнатная,42.0,21.0,12.0,1,20990000,Крестовский остров,19,пешком,6,0
1,3-комнатная,101.6,51.9,20.9,3,21500000,Московские ворота,8,пешком,2,0
1,3-комнатная,87.6,55.0,11.2,25,21000000,Проспект Просвещения,6,на машине,11,0
1,3-комнатная,107.3,48.2,26.7,9,22000000,Удельная,13,пешком,20,0
1,1-комнатная,52.9,22.1,14.7,2,20450000,Выборгская,15,пешком,5,0
1,4-комнатная,111.7,65.3,12.8,11,21600000,Купчино,10,пешком,22,0
1,2-комнатная,59.4,26.7,16.6,3,22000000,Приморская,7,на машине,5,0
1,3-комнатная,77.8,50.1,10.0,2,21990000,Парк Победы,13,пешком,69,0
1,4-комнатная,85.0,51.4,28.0,8,22100000,Пушкинская,5,пешком,2,0
1,3-комнатная,95.2,38.0,30.0,3,22500000,Лесная,3,пешком,91,0
1,3-комнатная,78.0,55.8,8.9,7,20800000,Чернышевская,18,пешком,69,0
1,2-комнатная,66.2,29.8,17.0,4,21990000,Новочеркасская,12,пешком,2,0
1,3-комнатная,59.3,37.1,6.4,3,20990000,Гостиный двор,15,пешком,248,0
1,3-комнатная,83.2,35.1,25.0,10,22690000,Лесная,11,пешком,2,0
1,2-комнатная,48.6,32.6,7.2,4,21000000,Новочеркасская,10,пешком,88,0
1,4-комнатная,116.3,86.4,20.0,3,22300000,Василеостровская,15,пешком,112,0
1,3-комнатная,68.0,35.1,11.6,6,21900000,Площадь Александра Невского,6,пешком,118,0
1,2-комнатная,70.2,30.0,22.4,12,22000000,Лесная,19,пешком,3,0
0,3-комнатная,59.38,35.3,10.5,10,21970600,Политехническая,6,пешком,0,1
1,2-комнатная,60.4,33.7,12.0,9,22348000,Фрунзенская,3,пешком,10,0
1,3-комнатная,96.0,71.0,8.0,3,21900000,Технологический институт,7,пешком,108,0
1,1-комнатная,48.0,21.9,15.3,3,22800000,Площадь Ленина,5,на машине,9,0
1,3-комнатная,77.4,55.0,7.0,3,22000000,Технологический институт,7,пешком,134,0
1,2-комнатная,75.9,51.7,19.2,9,18400000,Горный институт,10,пешком,5,0
1,1-комнатная,42.3,17.3,11.1,5,18490000,Крестовский остров,16,пешком,2,0
1,Неизвестно,86.6,60.2,10.0,5,19450000,Василеостровская,10,пешком,108,0
1,3-комнатная,92.8,46.0,13.0,5,19000000,Международная,8,пешком,21,0
1,2-комнатная,52.64,20.8,18.2,5,20500000,Новочеркасская,6,пешком,1,0
1,4-комнатная,117.4,73.0,14.3,4,19990000,Горьковская,9,пешком,121,0
1,2-комнатная,62.0,27.8,21.3,3,20500000,Пионерская,22,пешком,2,0
1,3-комнатная,82.0,45.2,12.6,2,19999000,Гражданский проспект,12,пешком,16,0
1,3-комнатная,90.4,44.0,21.3,6,19888000,Приморская,7,на машине,2,0
1,3-комнатная,85.0,56.2,5.0,2,20500000,Чернышевская,4,на машине,64,0
1,3-комнатная,79.3,39.8,18.0,4,19700000,Чернышевская,15,пешком,166,0
1,2-комнатная,57.2,28.8,13.6,9,20330000,Удельная,19,пешком,2,0
1,5-комнатная,138.9,95.2,13.5,4,19900000,Чкаловская,9,пешком,114,0
1,1-комнатная,38.0,23.0,8.0,3,20000000,Адмиралтейская,15,пешком,125,0
1,3-комнатная,77.4,31.8,27.7,6,20599999,Петроградская,8,пешком,113,0
1,2-комнатная,61.3,32.5,12.2,2,19599000,Электросила,12,пешком,8,0
1,3-комнатная,80.7,57.7,8.4,4,18970000,Горный институт,10,пешком,70,0
1,1-комнатная,46.5,19.7,12.7,8,18200000,Черная речка,12,пешком,10,0
1,2-комнатная,53.26,25.9,18.4,9,20100000,Приморская,9,на машине,0,0
1,3-комнатная,72.9,50.0,15.0,9,18900000,Комендантский проспект,8,на машине,4,0
1,2-комнатная,50.8,25.4,15.1,4,18380000,Горьковская,8,пешком,120,0
1,2-комнатная,68.0,25.0,31.0,17,18990000,Улица Дыбенко,6,на машине,16,0
1,2-комнатная,63.0,31.0,10.4,12,19799999,Приморская,16,пешком,11,0
1,3-комнатная,56.6,35.2,6.0,5,9500000,Электросила,15,пешком,64,0
1,2-комнатная,48.3,30.5,6.3,1,8800000,Проспект Ветеранов,7,пешком,58,0
1,1-комнатная,48.0,18.0,20.0,13,9099000,Приморская,8,на машине,7,0
1,1-комнатная,33.3,15.0,10.5,16,9290000,Комендантский проспект,7,на машине,8,0
1,2-комнатная,43.6,26.4,6.1,4,9500000,Гражданский проспект,5,пешком,54,0
1,1-комнатная,41.0,21.0,10.8,5,8900000,Звездная,12,пешком,21,0
1,1-комнатная,34.83,13.2,14.8,8,9600000,Лесная,25,пешком,2,0
1,4-комнатная,77.5,48.0,6.3,1,9290000,Проспект Ветеранов,8,на машине,52,0
1,1-комнатная,31.23,14.1,10.1,7,9000000,Ленинский проспект,4,на машине,0,0
1,3-комнатная,58.2,41.5,6.9,4,9500000,Василеостровская,13,пешком,108,0
1,2-комнатная,50.3,27.2,10.2,19,9600000,Парнас,20,пешком,5,0
1,2-комнатная,45.6,31.0,9.0,1,9490000,Волковская,4,пешком,75,0
1,1-комнатная,36.4,16.1,10.8,19,8800000,Беговая,17,пешком,13,0
1,3-комнатная,54.6,41.0,5.5,3,8950000,Новочеркасская,24,пешком,62,0
1,1-комнатная,39.6,20.0,12.0,10,9200000,Гражданский проспект,7,пешком,17,0
1,2-комнатная,67.0,40.3,12.0,7,9600000,Комендантский проспект,6,на машине,7,0
1,2-комнатная,54.5,34.0,9.5,2,9300000,Звездная,10,на машине,33,0
1,2-комнатная,49.0,33.0,5.6,4,9500000,Ломоносовская,4,пешком,74,0
1,1-комнатная,39.1,16.1,14.1,11,8650000,Приморская,7,на машине,9,0
1,1-комнатная,35.29,10.8,15.4,21,8650000,Автово,6,на машине,1,0
1,1-комнатная,32.5,17.0,10.0,4,9380000,Комендантский проспект,7,на машине,5,0
1,1-комнатная,42.3,19.3,9.0,11,8700000,Проспект Просвещения,17,пешком,13,0
1,3-комнатная,57.4,39.0,6.2,5,8400000,Ладожская,6,на машине,45,0
1,1-комнатная,31.7,18.0,8.0,4,8199995,Московская,16,пешком,45,0
1,2-комнатная,45.9,30.7,6.4,1,7999999,Академическая,6,на машине,58,0
1,Студия,26.0,18.0,5.0,9,7900000,Приморская,21,пешком,4,0
1,1-комнатная,31.8,15.5,10.4,4,7900000,Комендантский проспект,7,на машине,5,0
1,2-комнатная,50.6,30.6,7.1,6,8250000,Улица Дыбенко,19,пешком,48,0
1,2-комнатная,68.8,32.4,14.8,6,7825000,Звездная,9,на машине,8,0
0,1-комнатная,37.42,14.9,17.5,2,8291523,Ладожская,9,пешком,0,0
1,2-комнатная,45.8,28.2,8.4,8,7900000,Международная,16,пешком,56,0
1,3-комнатная,59.1,45.5,6.2,4,8600000,Академическая,6,на машине,59,0
1,2-комнатная,45.0,29.0,6.0,4,7800000,Московская,8,пешком,63,0
1,2-комнатная,34.8,21.2,7.0,1,7990000,Удельная,15,пешком,47,0
1,2-комнатная,33.6,19.2,6.2,2,8350000,Балтийская,9,пешком,145,0
1,2-комнатная,51.14,33.0,6.7,9,8500000,Улица Дыбенко,12,пешком,51,0
1,3-комнатная,61.2,42.0,7.0,12,8500000,Ладожская,9,на машине,39,0
1,2-комнатная,52.2,31.7,5.7,2,7899999,Елизаровская,13,пешком,67,0
1,Студия,21.9,13.9,3.0,2,7900000,Лесная,10,пешком,3,0
1,2-комнатная,51.9,28.7,7.0,7,8700000,Проспект Славы,18,пешком,37,0
1,2-комнатная,45.5,28.0,7.0,6,7850000,Проспект Просвещения,5,пешком,46,0
1,1-комнатная,34.0,10.3,16.6,12,8000000,Парнас,14,пешком,5,0
1,2-комнатная,51.3,28.2,7.9,1,8000000,Проспект Большевиков,10,пешком,31,0
1,2-комнатная,59.4,32.3,8.7,4,8550000,Московские ворота,6,пешком,108,0
1,1-комнатная,42.4,23.4,14.0,2,7900000,Комендантский проспект,5,на машине,15,0
0,2-комнатная,56.3,23.3,18.7,6,18213129,Елизаровская,6,пешком,0,1
1,1-комнатная,30.0,17.5,5.7,3,6690000,Черная речка,12,пешком,62,0
1,1-комнатная,31.1,15.7,8.2,5,5800000,Пионерская,11,пешком,51,0
0,2-комнатная,48.71,21.1,15.4,3,9352384,Беговая,13,на машине,0,1
0,2-комнатная,52.4,25.0,13.5,2,14585364,Беговая,20,на машине,0,1
0,1-комнатная,32.84,15.9,9.6,2,6898296,Беговая,14,на машине,0,0
0,1-комнатная,48.31,12.0,24.2,6,18639447,Черная речка,9,пешком,0,0
1,Студия,27.6,20.5,5.0,12,5950000,Парнас,11,пешком,2,0
1,1-комнатная,30.5,17.2,5.6,2,5200000,Академическая,12,пешком,60,0
1,Студия,23.84,15.8,5.0,13,5990000,Приморская,9,на машине,2,0
1,2-комнатная,78.8,39.1,19.0,2,28368000,Василеостровская,8,пешком,1,0
1,Студия,28.0,20.0,8.0,14,4499999,Ломоносовская,8,на машине,12,0
0,1-комнатная,33.8,8.0,14.3,4,11058481,Приморская,5,на машине,0,1
0,1-комнатная,37.1,12.4,14.1,7,13477306,Елизаровская,6,пешком,0,1
1,3-комнатная,85.1,43.3,15.4,9,28083000,Фрунзенская,6,пешком,10,0
1,Неизвестно,177.8,116.2,19.1,5,31900000,Гостиный двор,7,пешком,143,0
1,3-комнатная,115.0,65.2,15.0,2,33000000,Удельная,14,пешком,22,0
1,3-комнатная,86.6,40.6,19.8,4,32500000,Достоевская,3,пешком,150,0
1,3-комнатная,65.0,39.5,11.0,5,30000000,Фрунзенская,8,пешком,11,0
1,3-комнатная,108.0,35.5,44.0,2,33500000,Удельная,22,пешком,10,0
1,2-комнатная,104.0,67.0,17.0,5,34000000,Обводный канал,4,пешком,117,0
1,3-комнатная,72.0,41.0,6.0,2,32500000,Площадь Восстания,11,пешком,172,0
1,3-комнатная,99.1,44.6,26.0,3,34200000,Удельная,9,пешком,4,0
1,3-комнатная,84.5,48.8,14.5,3,34990000,Чернышевская,10,пешком,175,0
1,3-комнатная,100.2,55.4,18.7,9,33090000,Спортивная,16,пешком,7,0
1,2-комнатная,93.1,47.6,20.0,8,32550000,Чкаловская,6,пешком,12,0
1,4-комнатная,141.1,73.0,22.7,17,29900000,Комендантский проспект,8,пешком,24,0
1,4-комнатная,98.0,37.0,34.5,2,32900000,Спасская,6,пешком,210,0
1,2-комнатная,57.79,25.2,15.8,2,31500000,Спортивная,19,пешком,0,1
1,4-комнатная,97.4,71.6,9.1,3,29990000,Электросила,10,пешком,71,0
1,2-комнатная,86.38,40.1,13.0,4,30310000,Приморская,7,на машине,2,0
1,3-комнатная,100.1,41.4,33.0,2,32940000,Василеостровская,8,пешком,112,0
1,4-комнатная,234.0,170.0,10.0,3,31963000,Купчино,18,на машине,68,0
1,1-комнатная,74.2,18.0,25.0,2,34900000,Петроградская,14,пешком,4,0
1,3-комнатная,126.8,52.3,14.9,4,34000000,Озерки,24,пешком,16,0
1,3-комнатная,85.3,49.0,12.0,3,30500000,Чернышевская,6,пешком,173,0
1,3-комнатная,122.2,42.1,21.0,11,31000000,Удельная,15,пешком,20,0
1,3-комнатная,100.6,47.5,24.7,16,34000000,Московские ворота,8,пешком,8,0
1,2-комнатная,78.6,42.4,14.3,4,32000000,Крестовский остров,21,пешком,4,0
1,2-комнатная,70.7,30.4,20.7,5,30966000,Петроградская,5,пешком,1,0
1,2-комнатная,92.0,40.8,23.7,4,37500000,Площадь Александра Невского,24,пешком,5,0
1,3-комнатная,84.5,33.3,38.5,2,36400000,Гостиный двор,8,пешком,227,0
1,2-комнатная,93.4,38.6,22.1,2,35000000,Выборгская,7,на машине,8,0
1,3-комнатная,99.9,45.9,25.3,3,36600000,Удельная,9,пешком,4,0
1,3-комнатная,115.4,66.4,15.6,8,35900000,Чкаловская,3,пешком,21,0
1,3-комнатная,76.0,36.0,25.0,6,37490000,Петроградская,16,пешком,5,0
1,3-комнатная,95.0,45.4,24.0,5,36250000,Крестовский остров,16,пешком,1,0
1,3-комнатная,127.0,73.6,14.9,2,37000000,Беговая,14,пешком,18,0
1,4-комнатная,158.1,99.0,18.0,8,37500000,Приморская,24,пешком,15,0
1,3-комнатная,90.1,53.6,20.0,4,35000000,Чернышевская,12,пешком,164,0
1,2-комнатная,80.0,30.0,28.0,6,37000000,Беговая,25,на машине,8,0
1,3-комнатная,80.3,31.5,26.6,2,35000000,Чкаловская,14,пешком,15,0
1,3-комнатная,122.1,88.5,12.0,3,35800000,Чернышевская,17,пешком,195,0
1,2-комнатная,70.0,36.9,16.3,8,36900000,Чкаловская,20,пешком,7,0
1,Неизвестно,155.5,110.0,15.0,4,35200000,Садовая,11,пешком,232,0
1,5-комнатная,154.8,112.6,11.7,4,35900000,Чернышевская,18,пешком,109,0
1,4-комнатная,183.5,100.7,50.2,4,38800000,Горьковская,4,пешком,123,0
1,3-комнатная,116.7,63.6,20.0,6,38000000,Маяковская,6,пешком,145,0
1,3-комнатная,89.9,40.8,22.1,12,37000000,Приморская,19,пешком,0,0
1,2-комнатная,92.9,41.0,17.5,2,39000000,Достоевская,4,пешком,140,0
1,3-комнатная,145.0,76.8,15.6,5,40000000,Площадь Восстания,19,пешком,19,0
0,1-комнатная,25.06,11.7,5.0,4,7621000,Беговая,17,на машине,0,0
1,3-комнатная,76.2,47.0,11.0,2,22860000,Гостиный двор,6,пешком,63,0
1,3-комнатная,126.7,54.0,21.2,2,35900000,Крестовский остров,18,пешком,4,0
0,1-комнатная,33.19,10.3,15.5,2,7850131,Проспект Ветеранов,18,на машине,0,1
1,2-комнатная,54.4,29.8,9.9,5,12299000,Проспект Ветеранов,12,на машине,11,0
0,3-комнатная,95.6,42.1,22.6,3,26286941,Елизаровская,6,пешком,0,1
1,Студия,24.75,15.9,3.0,13,4600000,Ломоносовская,21,пешком,2,0
1,1-комнатная,31.3,13.8,7.8,20,7400000,Проспект Просвещения,5,на машине,1,0
1,2-комнатная,88.3,48.9,14.5,2,25607000,Василеостровская,4,на машине,13,0
1,1-комнатная,36.0,18.1,8.0,14,6900000,Проспект Большевиков,8,пешком,37,0
1,1-комнатная,30.0,17.0,8.0,1,8250000,Проспект Ветеранов,11,на машине,5,0
1,3-комнатная,54.9,29.6,17.2,4,10557270,Беговая,13,на машине,2,0
1,3-комнатная,97.1,47.7,26.9,5,35829900,Удельная,19,пешком,2,0
0,1-комнатная,31.6,14.1,10.1,16,9550073,Проспект Большевиков,6,на машине,0,1
1,1-комнатная,30.8,15.6,8.4,2,5750000,Проспект Славы,14,пешком,59,0
0,2-комнатная,82.45,25.1,27.7,6,39576000,Василеостровская,18,пешком,0,0
0,3-комнатная,74.4,33.4,21.3,4,23248511,Приморская,5,на машине,0,0
0,1-комнатная,33.34,14.4,10.6,8,9705161,Звездная,4,на машине,1,0
0,2-комнатная,59.0,29.6,15.4,7,31329000,Василеостровская,4,на машине,0,1
0,3-комнатная,94.6,40.4,33.3,3,38643463,Новочеркасская,13,пешком,1,0
1,2-комнатная,62.2,31.0,13.2,6,9500000,Ленинский проспект,15,на машине,9,0
1,1-комнатная,45.8,18.1,10.9,1,8300000,Проспект Большевиков,18,пешком,22,0
0,2-комнатная,51.32,21.0,16.5,20,10002268,Академическая,15,на машине,1,0
1,3-комнатная,78.4,40.0,30.0,20,21000000,Комендантский проспект,5,на машине,9,0
1,Студия,27.3,17.3,5.0,16,6800000,Ленинский проспект,5,на машине,13,0
1,2-комнатная,45.8,30.0,7.0,3,6300000,Ломоносовская,4,на машине,62,0
0,2-комнатная,57.9,27.6,10.8,2,16275370,Звездная,4,на машине,1,0
0,1-комнатная,42.61,12.9,18.5,3,21283695,Василеостровская,4,на машине,0,1
0,1-комнатная,33.2,10.2,16.3,2,6261520,Ломоносовская,6,на машине,0,1
0,3-комнатная,78.91,32.8,20.4,2,28139306,Площадь Ленина,22,пешком,0,1
1,2-комнатная,70.0,37.8,14.4,4,32000000,Крестовский остров,19,пешком,4,0
0,Студия,20.6,9.1,6.1,4,8073181,Приморская,5,на машине,0,1
0,1-комнатная,32.7,10.0,15.3,1,6600200,Купчино,20,на машине,0,0
1,1-комнатная,38.4,19.9,10.2,12,6600000,Комендантский проспект,11,пешком,38,0
0,1-комнатная,36.5,13.2,16.4,14,6613800,Ломоносовская,6,на машине,0,1
0,1-комнатная,44.06,13.2,17.0,3,6599300,Рыбацкое,17,на машине,0,1
0,1-комнатная,36.0,13.0,16.3,4,6523200,Ломоносовская,6,на машине,0,1
0,1-комнатная,35.0,11.1,16.9,24,6538000,Ломоносовская,6,на машине,0,1
1,1-комнатная,44.0,18.7,13.7,6,6700000,Проспект Просвещения,13,на машине,6,0
0,1-комнатная,36.56,12.1,12.1,1,6612612,Звездная,14,на машине,0,0
1,1-комнатная,32.8,12.5,13.8,5,6590000,Комендантский проспект,7,на машине,3,0
1,2-комнатная,46.0,28.4,7.1,9,6550000,Шушары,22,на машине,40,0
0,1-комнатная,32.02,10.0,15.3,1,6500100,Московская,18,на машине,0,0
1,2-комнатная,47.9,27.9,9.2,4,6501500,Шушары,16,на машине,4,0
0,Студия,25.78,14.4,5.3,3,6550698,Автово,6,на машине,0,0
1,1-комнатная,31.82,17.9,5.6,4,6600000,Шушары,20,на машине,56,0
1,2-комнатная,37.3,24.1,7.2,11,6500000,Гражданский проспект,12,на машине,2,0
0,Студия,36.0,21.0,7.0,8,6621676,Парнас,23,на машине,1,0
1,1-комнатная,41.0,21.0,10.0,6,6690000,Звездная,7,пешком,31,0
0,1-комнатная,44.57,13.2,17.0,2,6633780,Рыбацкое,17,на машине,0,1
1,2-комнатная,43.8,26.5,7.2,4,6600000,Пролетарская,7,пешком,64,0
0,1-комнатная,33.24,11.4,15.6,22,6644676,Академическая,15,на машине,1,0
1,1-комнатная,31.0,20.0,6.3,3,6600000,Удельная,10,пешком,66,0
0,1-комнатная,47.79,14.6,19.7,4,6749907,Рыбацкое,18,на машине,0,1
1,1-комнатная,30.6,17.9,6.0,5,6600000,Приморская,10,пешком,62,0
1,1-комнатная,32.6,17.4,7.7,7,6300000,Озерки,18,пешком,48,0
0,1-комнатная,37.03,10.0,15.0,2,6437177,Купчино,3,на машине,0,0
1,Студия,26.9,16.9,5.0,4,5847130,Комендантский проспект,7,на машине,2,0
1,Студия,26.8,17.5,1.0,23,6400000,Звездная,6,на машине,10,0
0,1-комнатная,32.9,10.4,16.5,6,6471430,Ломоносовская,6,на машине,0,0
1,1-комнатная,31.0,16.0,8.2,3,6400000,Ладожская,6,на машине,56,0
0,2-комнатная,54.16,20.8,17.9,1,6394834,Рыбацкое,19,на машине,0,1
0,1-комнатная,35.5,14.5,12.7,14,6375356,Елизаровская,18,пешком,0,1
1,1-комнатная,35.6,18.0,8.0,1,6500000,Звездная,11,на машине,29,0
1,1-комнатная,45.7,18.3,12.4,12,6300000,Купчино,8,на машине,15,0
0,1-комнатная,35.64,12.1,13.1,1,6478720,Звездная,14,на машине,0,0
0,1-комнатная,35.23,12.1,12.6,1,6364050,Звездная,14,на машине,0,0
1,Студия,21.0,8.2,4.6,8,6419700,Парнас,28,пешком,1,0
0,1-комнатная,32.27,11.3,15.0,24,6399141,Академическая,15,на машине,1,0
1,Студия,27.8,14.4,5.0,2,5803846,Комендантский проспект,7,на машине,2,0
0,1-комнатная,37.05,11.6,12.1,5,6335550,Проспект Ветеранов,24,на машине,0,1
1,1-комнатная,38.5,9.0,16.0,2,6500000,Парнас,6,на машине,4,0
0,2-комнатная,56.68,21.9,18.4,1,6325520,Рыбацкое,19,на машине,0,1
0,1-комнатная,32.27,11.3,15.0,20,6337828,Академическая,15,на машине,1,0
1,2-комнатная,50.0,30.0,9.4,8,6500000,Шушары,19,на машине,50,0
0,1-комнатная,45.22,13.8,18.5,4,6334101,Рыбацкое,18,на машине,0,1
1,3-комнатная,42.0,29.0,6.0,4,6350000,Московская,15,пешком,63,0
0,2-комнатная,59.2,22.3,21.3,2,21803360,Выборгская,11,пешком,0,1
1,Студия,24.0,13.0,3.0,6,6000000,Комендантский проспект,6,на машине,6,0
0,2-комнатная,71.06,23.0,23.9,2,25389738,Черная речка,9,пешком,0,0
1,3-комнатная,79.72,46.2,13.9,9,20700000,Лесная,20,пешком,3,0
1,Студия,24.7,14.0,4.0,5,3600000,Шушары,14,на машине,6,0
0,1-комнатная,34.8,19.8,6.7,2,14538465,Балтийская,5,пешком,0,0
1,1-комнатная,38.2,10.0,17.0,11,13580000,Приморская,9,на машине,2,0
0,Студия,19.9,9.6,5.0,3,3261610,Академическая,15,на машине,0,1
1,1-комнатная,34.0,14.6,9.2,4,15000000,Чернышевская,12,пешком,108,0
0,1-комнатная,27.2,15.2,3.7,6,11518561,Новочеркасская,13,пешком,1,0
0,1-комнатная,45.4,14.2,18.2,2,30444270,Чкаловская,18,пешком,0,1
0,1-комнатная,39.66,21.8,5.6,5,19863618,Василеостровская,8,пешком,1,0
0,1-комнатная,51.68,11.6,17.5,2,20299904,Выборгская,11,пешком,0,1
1,2-комнатная,60.0,32.0,11.0,4,12450000,Московские ворота,4,пешком,108,0
0,2-комнатная,61.93,26.3,17.3,5,34244928,Василеостровская,8,пешком,1,0
1,1-комнатная,31.7,16.7,7.0,7,5500000,Проспект Просвещения,5,на машине,47,0
0,2-комнатная,54.1,18.9,17.7,2,16809573,Приморская,5,на машине,0,1
1,1-комнатная,46.7,14.6,20.0,8,15480000,Удельная,10,пешком,13,0
1,1-комнатная,35.0,19.6,6.0,6,4800000,Ленинский проспект,9,на машине,52,0
0,2-комнатная,76.5,30.8,25.5,2,23441933,Новочеркасская,13,пешком,1,0
1,3-комнатная,94.1,52.7,12.3,3,17000000,Василеостровская,3,пешком,108,0
0,1-комнатная,25.73,15.7,5.0,2,15571000,Чкаловская,8,пешком,0,1
0,2-комнатная,53.6,27.6,7.7,7,18950601,Балтийская,5,пешком,0,0
1,4-комнатная,91.0,56.0,25.0,1,40800000,Чернышевская,17,пешком,120,0
1,2-комнатная,55.0,34.1,8.1,5,10990000,Елизаровская,5,пешком,67,0
1,Студия,18.2,11.7,1.5,1,3499000,Пионерская,13,пешком,51,0
1,1-комнатная,61.5,35.1,18.6,4,18800000,Спортивная,6,пешком,11,0
1,1-комнатная,36.3,18.1,10.8,11,8200000,Комендантский проспект,9,пешком,25,0
1,1-комнатная,40.4,11.6,17.0,6,24846000,Петроградская,8,пешком,2,0
1,1-комнатная,66.6,15.4,29.3,3,21854124,Пионерская,5,на машине,4,0
0,2-комнатная,52.76,23.6,17.5,3,25817127,Чкаловская,8,пешком,0,1
1,2-комнатная,53.7,30.2,8.0,14,8750000,Купчино,13,пешком,46,0
0,2-комнатная,61.4,20.5,15.0,9,18005550,Лесная,11,пешком,2,0
1,1-комнатная,33.66,9.1,11.1,11,4799000,Купчино,9,на машине,3,0
1,2-комнатная,71.0,45.5,10.2,3,21950000,Спасская,15,пешком,165,0
1,1-комнатная,42.0,13.6,13.5,6,18900000,Удельная,22,пешком,2,0
1,1-комнатная,39.3,14.1,12.7,3,19118473,Крестовский остров,3,на машине,4,0
0,2-комнатная,50.6,26.8,12.3,2,40332865,Чкаловская,18,пешком,0,1
0,Студия,24.49,11.7,3.9,11,3278226,Рыбацкое,19,на машине,0,1
1,1-комнатная,34.68,18.1,6.0,3,3750000,Рыбацкое,17,на машине,66,0
0,Студия,19.9,8.9,5.0,4,3341210,Академическая,19,на машине,0,0
0,Студия,20.4,9.1,5.0,1,3166080,Академическая,16,на машине,0,1
0,Студия,22.86,11.3,3.0,3,3210984,Рыбацкое,18,на машине,0,1
0,Студия,19.9,9.2,5.0,13,3293450,Академическая,15,на машине,5,0
0,Студия,20.6,9.0,5.0,2,3394880,Академическая,19,на машине,0,0
0,Студия,21.33,10.5,3.4,2,3051220,Рыбацкое,19,на машине,0,1
0,Студия,26.89,13.6,3.2,11,3451545,Рыбацкое,18,на машине,0,1
0,Студия,26.25,12.7,4.2,1,3199484,Рыбацкое,19,на машине,0,1
0,Студия,20.32,9.2,5.0,1,3775456,Академическая,15,на машине,1,0
1,Студия,18.37,15.0,3.0,14,3190000,Девяткино,10,на машине,2,0
0,Студия,24.81,12.2,3.4,2,3104616,Рыбацкое,19,на машине,0,1
1,Неизвестно,74.8,14.9,10.5,4,1680000,Садовая,12,пешком,149,0
1,1-комнатная,30.8,15.1,10.2,2,3792600,Шушары,16,на машине,4,0
0,Студия,21.5,9.1,5.3,16,3708750,Академическая,19,на машине,0,0
0,Студия,19.2,7.7,5.0,3,3454080,Академическая,15,на машине,0,0
0,Студия,21.83,12.1,3.0,2,3011700,Рыбацкое,19,на машине,0,1
0,Студия,22.1,10.9,5.0,3,3637660,Академическая,15,на машине,0,0
0,Студия,20.56,10.0,5.0,8,3799488,Академическая,15,на машине,1,0
0,Студия,27.68,13.6,3.2,4,3832379,Рыбацкое,18,на машине,0,1
0,Студия,20.56,10.0,5.0,8,3758368,Академическая,15,на машине,1,0
0,Студия,20.8,9.9,5.0,1,3169920,Академическая,15,на машине,0,1
0,Студия,22.7,10.9,5.0,2,3613840,Академическая,15,на машине,0,0
0,Студия,19.7,7.7,5.0,2,3419920,Академическая,15,на машине,0,0
0,Студия,24.45,13.3,3.5,7,3789750,Шушары,11,на машине,0,0
1,1-комнатная,31.6,17.6,5.6,4,5050000,Выборгская,5,на машине,63,0
0,1-комнатная,31.58,14.9,8.8,9,4894900,Шушары,11,на машине,0,0
1,Студия,22.0,11.0,6.0,12,4880000,Звездная,10,на машине,2,0
1,2-комнатная,45.1,25.8,8.5,3,5086200,Шушары,15,на машине,4,0
0,Студия,22.64,10.0,5.6,8,5046207,Рыбацкое,5,на машине,0,0
0,Студия,22.7,11.7,5.0,10,4975840,Ломоносовская,6,на машине,0,1
0,1-комнатная,32.54,12.2,10.3,9,4780939,Купчино,22,на машине,0,0
0,Студия,25.6,13.9,5.0,3,4999680,Ломоносовская,6,на машине,0,0
1,Студия,27.4,12.5,5.1,2,5000000,Купчино,20,на машине,1,0
0,Студия,22.3,10.0,5.4,14,5048653,Рыбацкое,5,на машине,0,0
0,Студия,22.7,10.2,5.0,3,4916820,Московская,22,на машине,0,1
0,Студия,22.5,11.6,5.1,4,5050000,Купчино,20,на машине,1,0
0,Студия,22.4,11.5,5.0,3,4898880,Ломоносовская,6,на машине,0,1
0,Студия,23.7,10.1,5.1,2,5043360,Московская,22,на машине,0,1
0,1-комнатная,33.7,11.1,15.7,2,4987600,Академическая,15,на машине,0,1
0,1-комнатная,32.7,8.9,15.1,8,4829790,Академическая,14,на машине,0,1
0,Студия,24.9,12.7,5.0,1,4912770,Московская,22,на машине,0,1
0,1-комнатная,32.6,8.9,15.1,11,4815020,Академическая,15,на машине,5,0
0,Студия,23.76,12.0,5.0,1,5074494,Шушары,17,на машине,1,0
0,Студия,20.34,8.6,3.3,5,4791044,Парнас,22,на машине,1,0
0,Студия,20.72,9.0,5.1,18,4982393,Рыбацкое,5,на машине,0,0
0,1-комнатная,33.69,10.8,13.7,9,4896841,Купчино,21,на машине,0,0
0,Студия,25.04,14.7,3.8,1,4958156,Парнас,22,на машине,1,0
0,1-комнатная,39.26,11.9,18.4,5,5021079,Рыбацкое,19,на машине,0,1
1,Студия,26.4,12.6,7.0,10,5084000,Рыбацкое,19,пешком,17,0
0,Студия,22.3,10.0,5.4,15,4906387,Рыбацкое,4,на машине,0,1
0,Студия,25.6,13.0,3.4,3,5339059,Парнас,24,на машине,1,0
0,Студия,21.55,13.6,3.0,2,5325867,Ладожская,9,пешком,0,0
1,Студия,24.6,13.0,5.0,12,5150000,Проспект Большевиков,23,пешком,10,0
1,1-комнатная,29.2,15.3,6.8,2,5300000,Проспект Славы,15,пешком,53,0
0,Студия,24.9,12.9,3.1,9,5213827,Парнас,24,на машине,1,0
0,Студия,21.81,10.8,4.0,2,5183513,Рыбацкое,11,на машине,0,1
0,1-комнатная,35.3,13.6,15.4,13,5157330,Академическая,15,на машине,0,1
0,1-комнатная,35.69,15.8,9.5,6,5175050,Шушары,11,на машине,0,0
0,Студия,21.53,11.2,3.1,5,5170612,Парнас,22,на машине,1,0
0,Студия,25.72,8.3,7.1,1,5209738,Проспект Ветеранов,11,на машине,0,0
0,Студия,23.75,11.4,5.3,4,5196025,Проспект Ветеранов,11,на машине,0,0
0,1-комнатная,35.12,13.3,9.5,10,5092400,Шушары,11,на машине,0,0
0,Студия,24.7,11.6,3.5,5,5335521,Парнас,24,на машине,1,0
0,Студия,24.09,11.0,5.1,22,5186451,Рыбацкое,5,на машине,0,0
0,Студия,22.9,12.1,3.8,4,5251039,Парнас,23,на машине,1,0
0,1-комнатная,32.44,12.3,11.0,4,5122600,Рыбацкое,17,на машине,0,1
0,Студия,23.1,12.0,4.0,5,5171235,Парнас,23,на машине,1,0
0,1-комнатная,36.68,18.5,9.9,2,5166378,Купчино,23,на машине,0,0
0,Студия,25.8,14.3,4.3,1,5210695,Парнас,22,на машине,1,0
0,Студия,23.76,10.5,5.0,6,5193910,Рыбацкое,4,на машине,0,1
1,1-комнатная,32.7,18.7,7.4,12,5250000,Гражданский проспект,12,на машине,1,0
1,2-комнатная,46.8,27.6,8.6,8,5183000,Шушары,16,на машине,4,0
0,Студия,24.04,10.0,5.5,2,5113363,Проспект Ветеранов,11,на машине,0,0
0,Студия,22.64,10.0,5.6,8,5338037,Рыбацкое,4,на машине,0,1
0,Студия,21.9,10.9,3.9,5,5091378,Парнас,23,на машине,1,0
0,1-комнатная,32.0,13.2,7.6,8,5132800,Академическая,19,на машине,0,0
0,1-комнатная,33.12,12.3,11.3,2,5201680,Рыбацкое,17,на машине,0,1
1,3-комнатная,65.5,40.4,11.0,2,16000000,Петроградская,7,пешком,112,0
1,3-комнатная,103.88,41.7,36.3,7,36437600,Новочеркасская,6,пешком,1,0
1,3-комнатная,95.5,46.1,33.9,13,31000000,Черная речка,14,пешком,3,0
1,1-комнатная,47.0,17.0,13.2,7,27000000,Чкаловская,11,пешком,16,0
1,1-комнатная,36.6,15.4,10.2,12,8200000,Приморская,15,на машине,1,0
1,2-комнатная,44.0,26.9,6.2,3,6290000,Ленинский проспект,7,на машине,45,0
1,2-комнатная,68.1,35.5,14.1,14,16000000,Ленинский проспект,17,пешком,18,0
0,3-комнатная,86.4,47.4,20.6,3,36936000,Василеостровская,4,на машине,0,1
1,Студия,35.3,23.6,6.7,5,8450000,Пушкинская,6,на машине,3,0
0,3-комнатная,87.23,43.9,20.2,2,36636600,Спортивная,5,на машине,0,0
1,1-комнатная,37.47,14.4,11.3,4,13750000,Пионерская,10,пешком,3,0
1,1-комнатная,35.4,15.2,10.2,16,9950000,Ладожская,14,пешком,7,0
1,3-комнатная,157.0,54.0,61.0,9,41700000,Звездная,6,пешком,5,0
0,Студия,26.5,10.9,7.9,3,8639000,Горный институт,10,на машине,0,1
1,1-комнатная,35.1,16.5,11.0,7,6600000,Проспект Ветеранов,9,на машине,19,0
0,3-комнатная,84.1,47.9,17.2,3,40788500,Петроградская,5,пешком,1,0
1,3-комнатная,65.6,45.5,6.9,3,7050000,Ломоносовская,8,на машине,45,0
1,1-комнатная,36.3,16.6,10.0,6,5400000,Ленинский проспект,14,на машине,6,0
1,1-комнатная,37.0,21.0,8.0,14,6420000,Лесная,8,на машине,53,0
1,2-комнатная,49.5,31.1,7.0,3,9200000,Ладожская,6,на машине,41,0
1,3-комнатная,102.2,45.0,16.9,2,22369379,Проспект Ветеранов,17,на машине,3,0
1,3-комнатная,83.1,53.6,12.3,3,33500000,Петроградская,16,пешком,11,0
1,2-комнатная,44.4,31.0,6.0,5,6050000,Московская,16,пешком,54,0
1,2-комнатная,44.0,25.6,5.1,4,5670000,Проспект Ветеранов,11,на машине,60,0
1,1-комнатная,28.9,15.0,7.0,5,6000000,Купчино,15,пешком,51,0
1,1-комнатная,30.7,15.3,8.0,8,5950000,Выборгская,8,на машине,59,0
1,Неизвестно,68.0,49.0,8.0,4,5550000,Нарвская,3,пешком,89,0
1,2-комнатная,44.0,30.6,5.6,2,5550000,Шушары,18,на машине,58,0
1,Студия,25.68,21.6,4.0,3,5300000,Ладожская,15,пешком,1,0
1,Студия,25.6,17.3,3.0,9,5900000,Проспект Просвещения,10,на машине,2,0
1,Студия,22.5,14.5,3.0,14,5650000,Парнас,19,пешком,8,0
1,Студия,26.4,15.0,5.0,13,5400000,Гражданский проспект,17,пешком,19,0
1,Студия,24.4,16.4,3.0,18,5400000,Комендантский проспект,7,на машине,5,0
1,1-комнатная,36.6,17.7,10.5,2,5900000,Купчино,15,на машине,3,0
1,1-комнатная,34.9,11.6,16.5,10,5590000,Гражданский проспект,11,на машине,2,0
1,1-комнатная,35.5,18.0,7.4,2,5500000,Ломоносовская,8,на машине,49,0
1,Студия,30.9,23.1,2.0,12,5950000,Ломоносовская,20,пешком,3,0
1,Студия,24.0,16.5,1.0,14,5790000,Звездная,6,на машине,4,0
1,Студия,27.5,16.0,6.5,3,5500000,Рыбацкое,22,на машине,2,0
1,3-комнатная,42.0,29.0,5.3,2,5500000,Проспект Ветеранов,12,пешком,60,0
1,Студия,25.0,15.0,5.0,12,5499000,Комендантский проспект,7,на машине,5,0
1,3-комнатная,42.2,26.6,5.3,5,6100000,Проспект Ветеранов,7,на машине,57,0
1,1-комнатная,28.9,17.0,5.5,9,5700000,Проспект Славы,16,пешком,53,0
1,2-комнатная,65.67,34.0,11.4,14,9800000,Обухово,8,на машине,15,0
1,2-комнатная,50.3,29.9,8.9,5,9750000,Обводный канал,8,пешком,114,0
1,1-комнатная,36.7,23.9,6.5,1,10699999,Василеостровская,5,пешком,122,0
1,2-комнатная,47.0,26.3,7.6,3,10000000,Проспект Просвещения,15,пешком,36,0
1,2-комнатная,32.6,21.0,7.8,4,10000000,Площадь Восстания,10,пешком,122,0
1,2-комнатная,58.0,36.0,8.2,4,10500000,Елизаровская,2,пешком,66,0
1,2-комнатная,44.4,27.6,6.8,2,9899000,Улица Дыбенко,10,пешком,54,0
1,2-комнатная,52.4,33.0,8.1,5,9750000,Новочеркасская,24,пешком,67,0
1,1-комнатная,39.2,15.3,12.5,22,9784320,Парнас,19,пешком,3,0
1,3-комнатная,57.2,38.9,6.3,2,10000000,Комендантский проспект,9,пешком,38,0
1,3-комнатная,74.7,47.0,10.0,5,9600000,Шушары,20,на машине,15,0
1,3-комнатная,65.2,38.0,9.6,8,10550000,Проспект Большевиков,11,пешком,51,0
1,3-комнатная,72.1,47.2,8.6,10,11500000,Ленинский проспект,7,на машине,15,0
1,5-комнатная,107.0,60.5,12.9,7,11300000,Проспект Просвещения,6,на машине,43,0
1,1-комнатная,52.2,20.0,11.2,10,11000000,Политехническая,5,на машине,26,0
1,1-комнатная,44.7,18.3,12.8,5,10980000,Приморская,24,пешком,26,0
1,4-комнатная,73.7,48.7,15.0,1,11500000,Комендантский проспект,16,пешком,39,0
1,1-комнатная,44.0,12.9,15.7,1,10950000,Московская,24,пешком,4,0
0,2-комнатная,34.75,20.4,5.7,5,10772500,Политехническая,6,пешком,0,1
0,1-комнатная,36.98,10.1,19.2,2,11100000,Приморская,10,на машине,1,0
1,2-комнатная,52.7,38.7,9.0,11,11700000,Беговая,23,пешком,14,0
1,1-комнатная,31.9,11.0,12.8,3,11000000,Удельная,19,пешком,2,0
1,3-комнатная,58.6,37.5,7.0,6,10700000,Комендантский проспект,6,пешком,38,0
1,2-комнатная,44.55,27.7,5.1,8,11700000,Новочеркасская,7,пешком,60,0
0,1-комнатная,34.9,10.0,16.2,1,11071082,Лесная,6,пешком,0,1
1,2-комнатная,56.0,32.1,8.0,19,11000000,Комендантский проспект,7,на машине,6,0
1,2-комнатная,65.7,36.7,11.0,5,11400000,Купчино,15,на машине,9,0
1,3-комнатная,75.1,45.3,10.0,4,11200000,Проспект Большевиков,18,пешком,45,0
1,2-комнатная,50.99,22.1,17.4,2,11500000,Проспект Ветеранов,18,на машине,0,0
1,1-комнатная,41.8,10.9,21.9,6,11400000,Проспект Большевиков,6,на машине,2,0
1,3-комнатная,58.5,37.2,7.3,5,10900000,Купчино,15,на машине,38,0
1,1-комнатная,31.83,10.1,14.7,11,11000000,Площадь Мужества,25,пешком,1,0
1,4-комнатная,110.6,51.9,37.0,4,44000000,Достоевская,6,пешком,183,0
1,4-комнатная,116.5,44.5,37.7,2,44000000,Крестовский остров,18,пешком,5,0
1,3-комнатная,101.8,47.7,18.5,3,41738000,Чернышевская,19,пешком,16,0
1,4-комнатная,135.0,88.9,23.0,17,43800000,Фрунзенская,10,пешком,9,0
1,3-комнатная,97.8,37.3,36.0,2,42000000,Площадь Ленина,5,на машине,9,0
1,4-комнатная,124.6,81.4,18.0,2,44900000,Спасская,10,пешком,120,0
1,3-комнатная,95.0,24.6,46.7,4,43000000,Садовая,11,пешком,22,0
1,3-комнатная,117.0,43.1,43.8,6,42000000,Крестовский остров,22,пешком,3,0
1,2-комнатная,84.0,42.1,16.2,1,44450000,Ленинский проспект,11,на машине,11,0
1,3-комнатная,83.1,64.2,8.0,2,42000000,Чкаловская,5,пешком,2,0
1,5-комнатная,184.3,119.9,22.6,5,40997000,Чернышевская,8,пешком,124,0
1,4-комнатная,103.5,57.0,18.0,6,44000000,Чернышевская,7,пешком,163,0
1,2-комнатная,75.6,32.6,23.0,5,44000000,Спортивная,19,пешком,0,1
1,3-комнатная,99.5,52.4,8.5,3,41478000,Адмиралтейская,3,пешком,199,0
1,3-комнатная,121.2,86.4,20.0,2,41000000,Беговая,11,на машине,9,0
0,1-комнатная,33.8,15.0,10.4,9,5820588,Рыбацкое,18,на машине,1,0
0,1-комнатная,39.67,17.3,13.1,8,5752150,Шушары,11,на машине,0,0
0,Студия,31.7,16.7,7.0,2,5842614,Парнас,23,на машине,1,0
1,1-комнатная,35.4,17.0,11.0,22,5750000,Ломоносовская,9,на машине,3,0
0,Студия,21.65,10.8,5.4,5,5897460,Автово,6,на машине,0,0
0,1-комнатная,33.75,13.2,13.5,10,5818078,Елизаровская,20,пешком,0,0
0,1-комнатная,33.13,13.5,10.4,11,5788806,Рыбацкое,18,на машине,1,0
0,Студия,21.34,9.9,5.9,2,5911180,Улица Дыбенко,30,пешком,0,1
1,1-комнатная,30.7,17.0,5.4,2,5800000,Купчино,17,на машине,57,0
0,1-комнатная,32.0,12.3,10.1,3,5822880,Рыбацкое,22,на машине,1,0
0,1-комнатная,36.78,12.8,16.5,2,5994220,Елизаровская,20,пешком,0,0
0,Студия,23.35,14.4,4.0,15,5934636,Ладожская,9,пешком,0,0
0,1-комнатная,45.54,13.8,18.5,1,5879943,Рыбацкое,18,на машине,0,1
0,Студия,29.49,12.4,6.8,8,5996576,Проспект Ветеранов,11,на машине,0,0
0,Студия,18.24,6.3,5.2,12,5982720,Улица Дыбенко,30,пешком,0,1
0,1-комнатная,34.78,10.8,14.5,3,5966943,Елизаровская,20,пешком,0,0
0,1-комнатная,33.81,12.9,12.0,9,5945065,Елизаровская,18,пешком,0,1
1,2-комнатная,47.4,27.0,9.3,5,5960000,Шушары,16,на машине,4,0
0,1-комнатная,30.59,10.1,15.0,20,5961991,Академическая,15,на машине,1,0
0,Студия,26.58,14.0,5.3,3,5887269,Шушары,17,на машине,1,0
1,1-комнатная,44.2,18.4,13.3,5,5900000,Беговая,15,на машине,11,0
0,Студия,21.44,10.1,5.3,3,5840256,Автово,6,на машине,0,0
1,1-комнатная,30.3,16.2,5.7,5,5750000,Черная речка,13,пешком,63,0
0,1-комнатная,46.99,14.6,19.7,2,5977122,Рыбацкое,18,на машине,0,1
0,1-комнатная,38.86,11.4,17.0,2,5754440,Рыбацкое,17,на машине,0,1
0,Студия,24.58,11.0,5.2,10,6032153,Рыбацкое,4,на машине,0,1
0,1-комнатная,31.78,10.2,12.1,2,6184770,Купчино,3,на машине,0,0
1,2-комнатная,49.4,30.2,8.0,5,6250000,Ладожская,12,на машине,48,0
1,2-комнатная,45.5,30.7,6.2,4,6050000,Академическая,25,пешком,59,0
0,Студия,32.54,22.0,5.0,2,6129559,Ладожская,9,пешком,0,0
0,Студия,22.5,10.8,4.0,8,6013868,Рыбацкое,11,на машине,0,1
0,2-комнатная,37.22,9.4,18.1,1,6159910,Проспект Ветеранов,24,на машине,0,1
0,Студия,27.6,14.4,3.3,5,6107797,Парнас,23,на машине,1,0
0,Студия,24.29,14.3,5.0,15,6062055,Ладожская,9,пешком,0,0
0,1-комнатная,33.9,11.3,16.0,2,6254550,Ломоносовская,6,на машине,0,1
0,1-комнатная,30.57,10.1,9.5,15,6264462,Рыбацкое,5,на машине,0,0
1,Студия,19.2,7.6,5.1,8,6144000,Приморская,6,на машине,1,0
0,1-комнатная,34.13,12.6,10.1,3,6032068,Рыбацкое,22,на машине,1,0
1,2-комнатная,56.2,30.3,8.4,1,6200000,Рыбацкое,11,на машине,75,0
1,1-комнатная,31.2,16.8,5.2,4,5900000,Пионерская,21,пешком,64,0
1,Студия,20.2,8.6,3.2,13,6193320,Парнас,30,пешком,1,0
0,1-комнатная,41.35,13.9,17.0,3,6179250,Рыбацкое,17,на машине,0,1
0,1-комнатная,39.73,13.0,14.2,2,5967880,Рыбацкое,17,на машине,0,1
0,1-комнатная,35.2,11.3,12.5,8,6019200,Проспект Ветеранов,24,на машине,0,1
1,1-комнатная,35.05,10.1,15.1,4,6190000,Звездная,19,на машине,1,0
1,4-комнатная,49.5,38.0,6.5,5,6290000,Проспект Ветеранов,9,пешком,60,0
1,Студия,36.7,22.0,6.0,3,6299851,Ленинский проспект,10,на машине,44,0
0,Студия,26.82,8.3,7.1,2,6118044,Проспект Ветеранов,11,на машине,0,0
0,2-комнатная,35.92,9.4,16.8,3,6142320,Проспект Ветеранов,24,на машине,0,1
0,1-комнатная,37.54,14.7,16.0,5,5916773,Купчино,21,на машине,0,0
0,Студия,27.7,12.2,5.1,1,6013670,Московская,22,на машине,0,1
0,1-комнатная,38.18,18.0,11.2,11,4680455,Рыбацкое,19,на машине,0,1
0,1-комнатная,26.3,10.3,9.3,2,4426290,Академическая,19,на машине,0,0
0,Студия,25.4,11.9,5.0,6,4653280,Академическая,17,на машине,1,0
0,1-комнатная,27.3,10.3,9.3,2,4545450,Академическая,19,на машине,0,0
0,Студия,21.8,10.0,5.0,1,4412320,Московская,22,на машине,0,1
1,1-комнатная,29.1,16.7,5.3,4,4500000,Звездная,9,на машине,55,0
0,1-комнатная,35.68,12.7,10.6,11,4712761,Рыбацкое,18,на машине,0,1
0,1-комнатная,31.4,9.8,15.4,15,4731980,Академическая,15,на машине,0,1
0,1-комнатная,31.72,9.7,15.0,3,4690198,Купчино,22,на машине,0,0
0,Студия,21.07,11.0,3.0,14,4481122,Рыбацкое,5,на машине,0,0
0,Студия,21.4,10.0,5.0,3,4697300,Московская,22,на машине,0,1
0,1-комнатная,30.5,13.2,7.6,4,4693950,Академическая,19,на машине,0,0
0,Студия,24.7,13.9,5.0,3,4734990,Ломоносовская,6,на машине,0,1
1,1-комнатная,30.2,18.6,6.0,4,4790000,Купчино,18,на машине,65,0
1,1-комнатная,32.8,12.3,6.9,1,4750000,Озерки,25,на машине,51,0
1,2-комнатная,43.3,25.2,8.0,1,4798000,Шушары,16,на машине,4,0
0,Студия,23.4,10.2,5.0,5,4492800,Купчино,6,на машине,2,0
1,1-комнатная,30.5,16.0,7.0,5,4750000,Ломоносовская,4,на машине,63,0
0,Студия,19.78,9.0,5.1,1,4556283,Рыбацкое,4,на машине,0,1
0,Студия,25.5,11.9,5.0,8,4671600,Академическая,17,на машине,1,0
0,1-комнатная,27.5,10.2,9.4,1,4603500,Академическая,19,на машине,0,0
0,1-комнатная,32.2,12.5,14.1,8,4762380,Академическая,14,на машине,0,1
0,Студия,24.6,11.6,5.2,17,4575600,Купчино,5,на машине,2,0
1,2-комнатная,42.0,28.0,5.0,3,4500000,Шушары,14,на машине,54,0
0,1-комнатная,36.78,12.0,10.8,11,4506064,Рыбацкое,19,на машине,0,1
0,1-комнатная,34.79,10.5,10.2,7,4453851,Рыбацкое,19,на машине,0,1
0,Студия,24.85,12.7,5.1,11,4192637,Рыбацкое,18,на машине,1,0
1,1-комнатная,32.2,15.3,11.0,9,4382000,Шушары,16,на машине,4,0
0,Студия,24.4,11.2,5.0,3,4440800,Купчино,5,на машине,2,0
0,1-комнатная,32.89,10.5,14.1,7,4361576,Рыбацкое,19,на машине,0,1
0,1-комнатная,34.48,10.2,15.3,7,4415474,Рыбацкое,19,на машине,0,1
0,Студия,21.13,9.8,5.1,3,4227479,Рыбацкое,18,на машине,1,0
0,Студия,33.31,15.5,3.8,1,4083006,Рыбацкое,19,на машине,0,1
0,Студия,21.0,9.8,5.0,2,4403700,Ломоносовская,6,на машине,0,0
0,Студия,18.8,7.6,5.0,9,3979960,Академическая,17,на машине,1,0
0,1-комнатная,28.9,9.9,12.7,1,4421700,Академическая,19,на машине,0,0
0,Студия,27.3,9.8,8.1,24,4245150,Академическая,19,на машине,0,0
0,Студия,21.3,10.0,4.7,11,3885069,Рыбацкое,22,на машине,1,0
0,Студия,23.79,12.1,5.0,2,4151729,Рыбацкое,18,на машине,1,0
0,Студия,21.14,10.0,5.0,9,4020828,Академическая,15,на машине,1,0
0,Студия,23.02,10.9,5.1,1,4056009,Рыбацкое,22,на машине,1,0
0,Студия,21.45,10.0,5.4,1,3992750,Рыбацкое,4,на машине,0,1
0,Студия,20.58,8.5,5.0,1,3811416,Академическая,15,на машине,1,0
0,Студия,27.61,15.3,3.0,19,3950000,Улица Дыбенко,21,пешком,0,1
0,Студия,20.2,8.7,5.0,2,4326840,Ломоносовская,6,на машине,0,1
0,1-комнатная,30.4,17.1,8.2,1,4383680,Академическая,19,на машине,0,0
0,Студия,19.78,9.0,5.1,1,4311051,Рыбацкое,5,на машине,0,0
0,Студия,24.29,10.7,5.6,11,4160397,Рыбацкое,22,на машине,1,0
0,Студия,24.59,13.3,3.5,2,3811450,Шушары,11,на машине,0,0
0,Студия,21.7,11.0,5.0,1,3928959,Рыбацкое,22,на машине,1,0
1,1-комнатная,32.0,15.0,6.0,2,4000000,Проспект Ветеранов,11,на машине,65,0
0,Студия,23.28,11.2,5.0,2,4400000,Проспект Ветеранов,11,на машине,0,0
1,2-комнатная,56.0,32.0,9.2,15,16200000,Пролетарская,11,пешком,10,0
1,3-комнатная,79.4,55.0,11.0,3,15000000,Сенная площадь,4,пешком,165,0
1,1-комнатная,41.2,21.9,11.0,6,14950000,Площадь Александра Невского,14,пешком,11,0
0,2-комнатная,53.06,25.7,11.0,4,15545212,Пионерская,9,пешком,1,0
1,2-комнатная,64.3,42.2,9.8,5,15399000,Выборгская,8,пешком,146,0
1,2-комнатная,51.0,22.6,17.3,3,14700000,Ладожская,4,на машине,0,0
1,4-комнатная,85.7,48.7,14.4,4,15900000,Василеостровская,15,пешком,171,0
1,2-комнатная,53.1,28.3,10.2,7,14800000,Московские ворота,6,пешком,1,0
1,2-комнатная,65.5,34.0,16.0,3,16300000,Беговая,11,на машине,9,0
1,4-комнатная,113.1,64.0,12.3,2,14900000,Проспект Просвещения,11,на машине,8,0
1,2-комнатная,72.7,38.4,15.7,3,15700000,Купчино,21,на машине,19,0
1,2-комнатная,73.8,34.5,18.0,12,14950000,Купчино,22,пешком,17,0
1,2-комнатная,56.7,22.1,17.9,11,15840000,Черная речка,14,пешком,2,0
1,2-комнатная,65.2,23.7,25.6,3,16390000,Ленинский проспект,11,на машине,4,0
1,1-комнатная,45.3,20.9,13.1,5,15700000,Выборгская,7,на машине,8,0
1,3-комнатная,67.0,44.0,8.2,4,16390000,Беговая,11,пешком,34,0
1,2-комнатная,72.3,35.8,15.1,10,15183000,Приморская,7,на машине,2,0
1,1-комнатная,39.9,13.6,17.6,10,15000000,Спортивная,23,на машине,3,0
0,1-комнатная,37.36,10.6,14.2,13,17990000,Московская,9,пешком,0,0
1,2-комнатная,68.6,32.1,13.4,3,16800000,Московские ворота,15,пешком,3,0
1,2-комнатная,58.06,22.6,10.4,11,17999000,Электросила,17,пешком,1,0
1,1-комнатная,46.3,19.3,22.0,4,16500000,Беговая,30,на машине,7,0
1,2-комнатная,63.5,25.8,21.0,7,17100000,Лесная,16,пешком,1,0
1,2-комнатная,62.29,27.7,19.2,3,16900000,Лесная,21,пешком,2,0
1,2-комнатная,63.0,42.5,11.6,4,17000000,Площадь Восстания,14,пешком,128,0
1,3-комнатная,79.6,47.0,15.0,5,17300000,Озерки,5,на машине,32,0
1,1-комнатная,34.3,9.6,15.4,10,16900000,Черная речка,14,пешком,3,0
1,3-комнатная,91.5,58.7,13.5,4,16500000,Автово,8,пешком,86,0
1,1-комнатная,42.7,9.0,21.0,7,18000000,Старая Деревня,24,пешком,6,0
1,1-комнатная,53.5,13.0,26.6,9,16780000,Московская,4,пешком,6,0
1,2-комнатная,62.2,24.9,18.1,5,18000000,Ладожская,8,пешком,1,0
1,1-комнатная,44.6,16.4,17.8,3,16900000,Удельная,9,пешком,4,0
1,2-комнатная,70.1,28.1,19.8,10,16500000,Озерки,17,пешком,14,0
1,1-комнатная,46.7,15.4,11.1,7,16200000,Приморская,13,пешком,17,0
1,2-комнатная,50.3,29.4,5.0,4,16700000,Спортивная,2,пешком,113,0
1,3-комнатная,56.0,32.0,11.6,3,16799000,Петроградская,9,пешком,116,0
1,2-комнатная,54.8,25.0,14.0,10,16500000,Приморская,17,пешком,25,0
1,3-комнатная,96.6,43.8,45.8,1,16500000,Проспект Просвещения,10,на машине,16,0
1,2-комнатная,83.6,36.6,19.0,5,17700000,Звездная,1,пешком,24,0
1,2-комнатная,56.0,28.0,13.0,2,17950000,Технологический институт,13,пешком,139,0
0,3-комнатная,80.58,40.3,18.4,7,21750637,Московская,7,на машине,0,1
0,3-комнатная,76.18,39.5,14.7,2,19650000,Беговая,17,на машине,0,0
0,3-комнатная,78.91,32.8,20.4,2,28139306,Выборгская,11,пешком,0,1
0,3-комнатная,73.58,40.4,18.8,2,23550566,Приморская,21,пешком,0,0
0,3-комнатная,90.25,41.0,23.0,7,19600043,Проспект Просвещения,13,на машине,0,1
0,3-комнатная,81.98,44.2,18.4,2,25400150,Елизаровская,18,пешком,0,0
1,3-комнатная,99.6,46.4,24.5,3,19450635,Московская,16,на машине,1,0
0,3-комнатная,90.97,36.7,25.8,2,24743840,Горный институт,10,на машине,0,1
0,3-комнатная,74.41,46.8,13.4,5,19800069,Проспект Большевиков,6,на машине,0,0
0,3-комнатная,77.28,41.5,17.1,3,15900437,Московская,18,на машине,0,0
1,2-комнатная,44.0,27.0,7.0,3,6200000,Парк Победы,20,пешком,64,0
0,3-комнатная,83.5,41.9,19.0,8,20450026,Комендантский проспект,10,на машине,0,0
1,Студия,21.1,8.2,4.6,5,6087350,Парнас,30,пешком,1,0
1,2-комнатная,45.0,30.0,7.5,4,6350000,Академическая,6,на машине,57,0
0,1-комнатная,34.86,17.0,10.3,3,6950188,Московская,21,на машине,0,1
0,1-комнатная,40.55,17.6,12.9,9,10750206,Комендантский проспект,11,на машине,0,0
1,Студия,29.1,18.2,5.0,3,6650000,Московская,21,пешком,5,0
1,3-комнатная,55.0,37.5,7.3,4,7100000,Гражданский проспект,17,пешком,55,0
0,2-комнатная,53.63,21.1,17.1,2,8138352,Рыбацкое,18,на машине,0,1
1,5-комнатная,157.4,121.9,20.6,4,23490000,Сенная площадь,4,пешком,196,0
1,2-комнатная,45.0,28.0,6.0,2,7050000,Московская,18,пешком,64,0
1,3-комнатная,109.35,63.0,15.8,2,34900000,Крестовский остров,22,пешком,3,0
1,1-комнатная,39.7,12.8,17.1,21,8646660,Парнас,28,пешком,1,0
1,Студия,24.0,14.0,5.0,4,5200000,Проспект Большевиков,12,пешком,23,0
0,1-комнатная,33.7,10.6,15.2,9,10300054,Московская,7,на машине,0,1
1,1-комнатная,35.8,16.2,8.5,12,7299999,Звездная,20,пешком,13,0
0,1-комнатная,32.8,10.8,15.1,9,8300154,Проспект Просвещения,13,на машине,0,1
1,3-комнатная,41.9,30.0,5.3,2,6450000,Московская,14,пешком,61,0
1,2-комнатная,43.2,30.9,6.0,2,10200000,Новочеркасская,23,пешком,62,0
1,2-комнатная,76.6,36.0,14.8,4,37103093,Спортивная,13,пешком,7,0
0,3-комнатная,82.76,43.8,17.0,4,24209999,Балтийская,11,пешком,1,0
0,2-комнатная,59.2,22.3,21.3,2,21803360,Выборгская,11,пешком,0,1
1,2-комнатная,65.0,36.0,12.0,11,14500000,Проспект Ветеранов,26,пешком,19,0
1,1-комнатная,38.0,17.0,10.4,2,13900000,Удельная,9,пешком,4,0
1,3-комнатная,71.9,57.0,9.9,3,14300000,Комендантский проспект,7,на машине,8,0
1,1-комнатная,46.9,19.0,18.8,6,13399000,Пролетарская,11,пешком,10,0
1,4-комнатная,75.2,50.0,7.5,2,13400000,Звенигородская,8,пешком,146,0
1,1-комнатная,50.0,23.6,17.0,5,13200000,Площадь Восстания,14,пешком,128,0
1,1-комнатная,39.8,19.0,10.5,5,13300000,Пионерская,14,пешком,4,0
1,3-комнатная,83.8,57.6,9.2,1,14350000,Приморская,21,пешком,61,0
1,1-комнатная,56.9,22.0,25.0,11,14500000,Пионерская,18,пешком,3,0
1,2-комнатная,55.62,26.1,15.7,14,14450000,Лесная,25,пешком,1,0
1,1-комнатная,48.1,26.0,10.0,16,13700000,Выборгская,5,на машине,7,0
1,3-комнатная,70.0,43.8,8.4,1,13200000,Приморская,16,пешком,47,0
1,3-комнатная,84.2,47.1,16.1,5,13250000,Проспект Большевиков,14,на машине,8,0
1,1-комнатная,38.52,10.2,18.7,4,13800000,Выборгская,10,пешком,0,1
1,2-комнатная,69.45,38.3,17.0,14,13490000,Комендантский проспект,9,на машине,6,0
1,2-комнатная,61.5,32.2,7.3,3,14000000,Балтийская,12,пешком,165,0
1,4-комнатная,79.2,48.2,7.0,3,13800000,Площадь Александра Невского,22,пешком,119,0
1,3-комнатная,72.1,48.1,9.6,1,13600000,Пушкинская,12,пешком,161,0
1,3-комнатная,64.2,25.5,9.2,3,13400000,Площадь Александра Невского,12,пешком,112,0
1,1-комнатная,33.04,14.2,11.5,11,14000000,Приморская,19,пешком,0,0
1,1-комнатная,45.0,30.0,10.0,3,13700000,Московская,15,пешком,7,0
1,3-комнатная,65.0,42.0,10.0,3,14499995,Ленинский проспект,10,пешком,39,0
1,2-комнатная,52.7,30.0,8.1,3,13400000,Новочеркасская,23,пешком,69,0
1,2-комнатная,52.0,25.0,13.0,7,14499000,Лесная,14,пешком,4,0
1,3-комнатная,65.4,33.2,12.8,8,14500000,Комендантский проспект,7,на машине,2,0
0,2-комнатная,66.9,27.7,20.0,7,13100000,Комендантский проспект,10,на машине,1,0
1,3-комнатная,99.5,68.5,8.6,3,12999000,Черная речка,13,пешком,109,0
1,1-комнатная,53.5,21.5,12.0,4,11800000,Проспект Просвещения,9,на машине,16,0
1,3-комнатная,68.7,43.7,7.1,3,11800000,Пионерская,6,пешком,43,0
1,1-комнатная,34.5,18.0,6.2,2,12900000,Фрунзенская,3,пешком,10,0
1,1-комнатная,50.0,19.5,16.0,7,13050000,Ленинский проспект,11,на машине,11,0
1,2-комнатная,52.4,30.7,9.7,4,11990000,Горный институт,10,пешком,70,0
1,2-комнатная,58.3,31.8,10.7,8,12500000,Ломоносовская,5,на машине,15,0
1,3-комнатная,82.0,45.0,16.3,3,12500000,Рыбацкое,25,пешком,8,0
1,3-комнатная,74.5,44.3,10.5,23,12300000,Парнас,15,пешком,11,0
1,2-комнатная,65.1,30.0,16.0,15,12980000,Ленинский проспект,9,на машине,17,0
1,2-комнатная,54.1,24.3,12.2,7,12700000,Приморская,13,на машине,1,0
1,5-комнатная,93.0,70.0,7.0,6,11900000,Проспект Просвещения,4,пешком,49,0
1,3-комнатная,81.3,49.2,12.3,8,12000000,Приморская,17,пешком,49,0
1,3-комнатная,75.0,50.8,8.4,5,12500000,Московские ворота,9,пешком,111,0
1,1-комнатная,39.2,19.1,11.6,5,12000000,Выборгская,7,на машине,15,0
1,2-комнатная,60.0,30.0,12.0,3,12399000,Комендантский проспект,6,на машине,9,0
1,1-комнатная,35.0,12.5,14.5,4,11980000,Приморская,6,на машине,0,0
1,2-комнатная,61.6,34.1,10.7,21,12500000,Ладожская,19,пешком,12,0
1,3-комнатная,80.0,48.0,15.0,2,12990000,Комендантский проспект,8,пешком,31,0
1,Студия,41.5,24.8,4.8,4,13000000,Парк Победы,16,пешком,19,0
1,3-комнатная,82.7,55.0,10.0,4,12500000,Кировский завод,9,пешком,62,0
1,1-комнатная,51.0,35.0,11.0,11,12500000,Проспект Просвещения,18,пешком,15,0
1,2-комнатная,67.2,31.4,14.9,3,27500000,Петроградская,6,пешком,2,0
1,2-комнатная,75.5,37.5,20.3,7,28990000,Крестовский остров,21,пешком,2,0
1,3-комнатная,77.0,41.1,15.7,2,26900000,Петроградская,3,пешком,110,0
1,3-комнатная,82.0,37.6,15.2,2,26900000,Чкаловская,3,пешком,115,0
1,3-комнатная,96.4,39.0,25.0,9,27990000,Электросила,18,пешком,1,0
1,3-комнатная,110.2,67.4,15.2,7,26950000,Удельная,5,на машине,22,0
1,2-комнатная,72.8,30.9,18.5,5,27900000,Маяковская,3,пешком,151,0
1,1-комнатная,50.9,12.9,19.5,5,27000000,Старая Деревня,18,пешком,8,0
1,4-комнатная,127.3,79.0,16.0,19,29300000,Проспект Ветеранов,3,пешком,19,0
1,2-комнатная,69.1,36.2,16.9,6,29000000,Крестовский остров,5,на машине,3,0
1,2-комнатная,54.0,34.0,15.0,7,27950000,Пушкинская,5,пешком,120,0
1,2-комнатная,74.1,30.0,27.0,5,27999000,Фрунзенская,2,пешком,2,0
1,2-комнатная,74.0,31.0,18.0,6,27950000,Новочеркасская,12,пешком,3,0
1,3-комнатная,83.0,53.0,11.0,6,29500000,Петроградская,16,пешком,8,0
1,3-комнатная,128.5,59.0,34.7,6,28500000,Московская,17,пешком,0,0
1,2-комнатная,73.2,35.0,13.6,12,27500000,Выборгская,6,на машине,7,0
1,4-комнатная,137.2,76.7,20.1,2,26754000,Приморская,7,на машине,2,0
1,3-комнатная,82.0,38.3,19.3,2,29000000,Чернышевская,12,пешком,111,0
1,3-комнатная,85.1,43.7,15.0,3,27900000,Петроградская,8,пешком,112,0
1,2-комнатная,73.0,39.4,13.4,14,27500000,Московская,10,пешком,9,0
1,2-комнатная,66.2,35.4,12.9,6,28850000,Крестовский остров,21,пешком,3,0
1,3-комнатная,100.0,59.1,27.0,2,27000000,Чернышевская,6,пешком,199,0
1,2-комнатная,70.2,35.7,13.2,6,26990000,Крестовский остров,21,пешком,3,0
0,2-комнатная,65.77,35.8,19.0,4,23900000,Василеостровская,4,на машине,0,1
1,2-комнатная,75.2,35.0,15.4,1,26490000,Спортивная,11,пешком,17,0
1,5-комнатная,134.0,66.0,27.0,4,22900000,Купчино,22,на машине,28,0
1,4-комнатная,114.0,82.1,17.2,2,25900000,Чернышевская,17,пешком,108,0
1,2-комнатная,54.4,33.3,7.9,3,24300000,Спортивная,9,пешком,68,0
1,4-комнатная,172.4,110.0,20.0,2,24999000,Балтийская,4,на машине,153,0
1,3-комнатная,70.5,37.2,19.7,1,25000000,Петроградская,16,пешком,6,0
1,3-комнатная,67.8,36.7,17.0,3,26900000,Площадь Восстания,9,пешком,131,0
1,3-комнатная,80.0,51.9,10.6,5,26000000,Маяковская,4,пешком,125,0
1,4-комнатная,112.4,52.4,39.0,4,23225000,Проспект Просвещения,10,на машине,16,0
1,2-комнатная,68.4,29.1,10.0,3,23500000,Черная речка,12,пешком,10,0
1,4-комнатная,112.3,73.0,15.0,2,24900000,Балтийская,22,пешком,118,0
1,3-комнатная,59.6,20.9,19.9,5,23550000,Новочеркасская,13,пешком,6,0
1,4-комнатная,151.4,100.6,29.8,3,23500000,Садовая,11,пешком,158,0
0,2-комнатная,65.8,35.8,19.0,4,23900000,Василеостровская,4,на машине,0,1
1,4-комнатная,87.0,42.3,24.6,9,24700000,Лесная,13,пешком,4,0
1,2-комнатная,82.1,44.2,15.0,5,25500000,Приморская,17,пешком,21,0
1,3-комнатная,108.6,52.0,20.6,12,23900000,Пролетарская,12,пешком,16,0
1,3-комнатная,111.8,77.2,11.3,3,26500000,Петроградская,3,пешком,113,0
1,2-комнатная,58.6,17.0,19.6,3,23990000,Петроградская,15,пешком,5,0
1,3-комнатная,83.6,35.0,22.1,3,24500000,Беговая,11,на машине,10,0
1,3-комнатная,128.5,75.0,13.0,3,26500000,Удельная,14,пешком,27,0
1,3-комнатная,81.0,50.7,7.2,2,23990000,Василеостровская,7,пешком,165,0
1,3-комнатная,93.7,54.0,7.5,2,23450000,Приморская,6,пешком,24,0
1,1-комнатная,37.2,15.8,17.4,2,6990000,Звездная,17,на машине,1,0
1,1-комнатная,42.3,18.0,12.6,2,7699000,Купчино,23,на машине,11,0
1,2-комнатная,43.9,26.8,6.3,8,7300000,Пионерская,18,пешком,49,0
1,1-комнатная,31.5,16.1,8.5,5,6990000,Ленинский проспект,7,на машине,17,0
1,2-комнатная,47.4,28.1,7.2,6,7700000,Купчино,13,пешком,46,0
1,2-комнатная,46.0,28.8,7.0,9,6800000,Ладожская,8,на машине,45,0
1,1-комнатная,38.5,20.0,10.2,2,7280000,Комендантский проспект,25,пешком,36,0
1,2-комнатная,43.5,28.4,5.5,4,7390000,Академическая,11,на машине,63,0
1,1-комнатная,38.9,14.4,12.7,15,7400000,Ленинский проспект,9,на машине,8,0
1,1-комнатная,34.4,19.3,7.2,4,6900000,Проспект Славы,12,пешком,37,0
1,1-комнатная,29.9,14.6,8.8,16,6990000,Комендантский проспект,8,на машине,4,0
1,1-комнатная,36.05,17.1,10.3,4,7000000,Шушары,17,на машине,1,0
1,2-комнатная,44.7,27.7,6.8,2,7500000,Улица Дыбенко,19,пешком,48,0
1,2-комнатная,62.6,39.0,11.0,5,7500000,Ленинский проспект,19,на машине,22,0
1,1-комнатная,37.9,11.9,15.8,8,6900000,Озерки,12,на машине,1,0
1,1-комнатная,35.3,15.7,10.9,12,7600000,Старая Деревня,6,пешком,55,0
1,1-комнатная,39.6,15.4,15.7,18,7190000,Парнас,9,пешком,12,0
1,2-комнатная,46.9,28.7,6.5,2,7200000,Новочеркасская,6,пешком,63,0
1,1-комнатная,38.8,20.0,8.0,1,7500000,Беговая,7,пешком,34,0
1,1-комнатная,40.3,19.0,11.8,2,7700000,Проспект Ветеранов,11,на машине,9,0
1,1-комнатная,36.6,13.9,13.9,2,7700000,Проспект Просвещения,10,на машине,5,0
1,1-комнатная,32.6,16.0,9.5,1,7390000,Московская,6,на машине,13,0
1,1-комнатная,33.1,12.1,14.5,9,7350000,Комендантский проспект,8,на машине,5,0
1,2-комнатная,42.7,27.3,5.5,5,7200000,Кировский завод,17,пешком,64,0
1,2-комнатная,44.0,26.5,6.5,7,6330000,Проспект Ветеранов,8,на машине,48,0
1,2-комнатная,51.0,30.2,8.2,2,6550000,Купчино,16,на машине,4,0
1,1-комнатная,30.9,15.4,8.0,9,6500000,Пионерская,11,пешком,52,0
1,2-комнатная,44.1,29.7,7.0,4,6590000,Проспект Славы,17,пешком,60,0
1,2-комнатная,44.8,30.3,7.1,4,6500000,Проспект Славы,17,пешком,60,0
1,1-комнатная,35.56,11.3,11.5,7,6350000,Проспект Просвещения,12,на машине,0,0
1,1-комнатная,34.7,11.0,16.0,2,6850000,Комендантский проспект,7,на машине,3,0
1,2-комнатная,44.5,28.7,5.7,2,6500000,Лесная,6,на машине,64,0
1,1-комнатная,37.9,20.0,9.0,1,6490000,Лесная,6,на машине,55,0
1,1-комнатная,35.6,18.2,8.1,1,6470000,Ладожская,5,на машине,40,0
0,1-комнатная,33.5,10.0,15.1,5,6450000,Звездная,19,на машине,1,0
1,1-комнатная,34.0,12.0,14.0,19,6890000,Парнас,22,пешком,4,0
1,1-комнатная,37.5,10.3,15.3,5,6500000,Купчино,20,на машине,1,0
0,Студия,24.4,12.8,3.0,7,5599263,Парнас,24,на машине,1,0
1,Неизвестно,55.9,39.7,5.2,3,5610000,Ленинский проспект,23,на машине,61,0
1,3-комнатная,42.3,30.5,5.5,5,5700000,Проспект Ветеранов,14,пешком,58,0
0,1-комнатная,39.46,15.1,10.5,2,5721700,Шушары,11,на машине,0,0
1,1-комнатная,44.0,22.1,10.9,7,5535000,Шушары,16,на машине,4,0
1,1-комнатная,34.9,15.5,12.0,1,5650000,Беговая,15,на машине,10,0
0,Студия,28.5,13.5,5.4,2,5614500,Купчино,5,на машине,2,0
0,1-комнатная,34.7,11.4,15.6,1,5638750,Академическая,15,на машине,0,0
0,Студия,27.0,14.5,3.3,3,5541571,Парнас,23,на машине,1,0
0,Студия,25.6,13.0,3.2,3,5679309,Парнас,23,на машине,1,0
1,1-комнатная,28.0,14.0,9.0,1,5688333,Рыбацкое,10,на машине,2,0
1,1-комнатная,32.0,16.0,8.0,15,5790000,Ломоносовская,9,на машине,16,0
0,1-комнатная,40.45,12.4,19.4,8,5718618,Купчино,22,на машине,0,0
0,Студия,27.12,10.6,7.7,2,5507873,Проспект Ветеранов,11,на машине,0,0
1,2-комнатная,51.9,32.1,8.8,6,5744000,Шушары,16,на машине,4,0
0,Студия,20.96,13.0,3.0,15,5629017,Ладожская,9,пешком,0,0
0,1-комнатная,36.0,12.6,15.9,12,5716800,Академическая,15,на машине,0,0
0,1-комнатная,31.46,13.5,10.4,2,5671735,Рыбацкое,18,на машине,1,0
0,Студия,19.78,8.9,5.0,3,5597740,Улица Дыбенко,30,пешком,0,1
0,Студия,28.44,14.9,3.2,9,5636198,Парнас,22,на машине,1,0
0,1-комнатная,44.43,13.8,18.5,2,5590431,Рыбацкое,18,на машине,0,1
0,1-комнатная,33.9,15.6,6.3,1,5630790,Академическая,15,на машине,0,0
0,Студия,28.3,15.7,3.2,3,5789954,Парнас,23,на машине,1,0
0,1-комнатная,37.64,16.4,12.1,2,5641840,Рыбацкое,18,на машине,0,1
0,Студия,24.58,11.0,5.2,13,5678496,Рыбацкое,5,на машине,0,0
0,1-комнатная,35.66,10.4,15.1,2,5740814,Елизаровская,20,пешком,0,0
0,1-комнатная,35.3,15.0,10.4,2,5347400,Рыбацкое,18,на машине,0,1
1,Студия,26.6,12.6,5.0,8,5320000,Академическая,17,на машине,2,0
0,1-комнатная,36.7,16.0,10.0,2,5321500,Шушары,11,на машине,0,0
0,1-комнатная,31.5,13.4,10.4,2,5473660,Рыбацкое,18,на машине,1,0
0,Студия,25.85,14.0,5.7,1,5353257,Шушары,17,на машине,1,0
0,Студия,23.7,12.3,3.7,7,5524352,Парнас,23,на машине,1,0
0,Студия,24.2,12.9,3.0,1,5395342,Парнас,24,на машине,1,0
0,1-комнатная,36.92,12.2,15.7,2,5492600,Рыбацкое,18,на машине,0,1
0,Студия,26.9,14.4,3.3,9,5513587,Парнас,23,на машине,1,0
0,1-комнатная,33.2,14.3,11.1,2,5502900,Елизаровская,20,пешком,0,0
0,1-комнатная,37.72,15.1,10.5,5,5469400,Шушары,11,на машине,0,0
0,1-комнатная,29.6,9.9,13.0,1,5407920,Академическая,15,на машине,0,0
0,1-комнатная,40.09,11.9,18.4,7,5333213,Рыбацкое,19,на машине,0,1
0,Студия,23.8,12.0,4.0,7,5482068,Парнас,23,на машине,1,0
0,Студия,26.58,14.9,4.1,1,5390873,Парнас,22,на машине,1,0
0,Студия,22.55,9.2,5.5,3,5445803,Шушары,17,на машине,1,0
0,1-комнатная,35.59,12.2,14.7,2,5322040,Рыбацкое,18,на машине,0,1
0,Студия,24.51,12.3,4.7,7,5311853,Шушары,17,на машине,1,0
1,4-комнатная,112.8,90.0,17.0,4,29500000,Чернышевская,7,пешком,122,0
0,2-комнатная,66.92,32.3,18.6,9,16067492,Приморская,11,на машине,1,0
1,1-комнатная,44.8,17.2,16.3,4,15060000,Площадь Ленина,6,на машине,1,0
1,1-комнатная,51.8,16.3,21.3,8,26941180,Крестовский остров,25,пешком,1,0
1,2-комнатная,49.05,27.4,10.1,3,7490000,Ленинский проспект,16,на машине,7,0
0,1-комнатная,32.4,9.3,15.9,2,10006837,Волковская,8,на машине,0,0
1,3-комнатная,78.8,46.1,11.9,1,15900000,Новочеркасская,5,пешком,85,0
0,1-комнатная,35.79,10.9,17.1,8,11560170,Горный институт,10,на машине,0,1
1,1-комнатная,41.5,16.3,11.8,12,5850000,Ленинский проспект,10,на машине,14,0
0,2-комнатная,47.8,22.5,15.3,3,14118590,Волковская,8,на машине,0,0
1,1-комнатная,29.8,16.0,5.0,1,4499000,Купчино,25,на машине,63,0
1,3-комнатная,91.75,38.0,28.1,2,30195000,Новочеркасская,12,пешком,1,0
1,1-комнатная,40.2,17.4,11.1,4,18492000,Крестовский остров,16,пешком,2,0
0,2-комнатная,49.76,23.8,15.7,7,21371920,Чкаловская,5,на машине,1,0
1,2-комнатная,58.2,31.8,14.0,2,27237600,Крестовский остров,16,пешком,2,0
1,1-комнатная,36.62,15.1,11.1,5,9200000,Приморская,15,на машине,1,0
1,2-комнатная,62.7,12.4,29.0,5,16929000,Приморская,16,пешком,11,0
1,1-комнатная,38.1,22.9,7.5,4,4900000,Купчино,24,на машине,58,0
1,2-комнатная,81.7,28.7,25.4,3,19828434,Нарвская,23,на машине,3,0
1,1-комнатная,36.79,13.1,10.7,7,10794186,Комендантский проспект,9,на машине,3,0
1,1-комнатная,50.0,32.0,10.0,1,8700000,Фрунзенская,9,пешком,100,0
0,3-комнатная,76.3,32.4,20.2,2,19843426,Обводный канал,18,пешком,0,0
1,1-комнатная,30.8,10.0,13.0,9,7500000,Комендантский проспект,9,на машине,3,0
0,2-комнатная,59.2,27.9,18.3,2,16102400,Ладожская,26,пешком,0,1
1,1-комнатная,49.9,13.1,24.3,2,10764891,Автово,18,на машине,3,0
1,3-комнатная,80.0,52.0,10.1,5,13400000,Елизаровская,9,пешком,86,0
1,1-комнатная,46.5,19.0,11.0,5,8200000,Улица Дыбенко,12,пешком,19,0
1,1-комнатная,73.5,15.8,32.8,5,30000000,Площадь Мужества,17,пешком,3,0
0,1-комнатная,54.71,19.6,30.1,2,23525300,Площадь Александра Невского,15,пешком,0,0
1,3-комнатная,116.0,81.3,12.0,12,26450000,Приморская,6,на машине,7,0
0,1-комнатная,40.07,12.0,18.8,2,15627300,Пионерская,5,на машине,0,0
1,2-комнатная,61.01,31.4,13.7,6,15319611,Комендантский проспект,9,на машине,3,0
1,3-комнатная,69.5,28.7,18.8,11,15550000,Спортивная,25,на машине,1,0
1,3-комнатная,103.8,57.1,14.4,17,27950000,Проспект Просвещения,18,пешком,15,0
0,Студия,22.6,9.7,5.9,5,7525256,Обводный канал,18,пешком,0,0
1,1-комнатная,37.6,12.6,13.5,2,8435472,Удельная,9,на машине,2,0
1,2-комнатная,71.4,35.7,14.9,1,26418000,Спортивная,6,на машине,6,0
0,3-комнатная,97.7,45.8,23.8,2,40177531,Площадь Александра Невского,14,пешком,0,0
0,2-комнатная,58.78,29.8,14.2,2,22201386,Василеостровская,11,пешком,0,0
0,1-комнатная,35.85,16.5,10.0,1,6994335,Беговая,13,на машине,0,1
0,1-комнатная,31.98,10.1,15.0,5,6800099,Московская,21,на машине,0,1
